"","SSD","MSD","df","sigma2","P.value","Variance coefficients"
"site",63539.745588036,21179.915196012,3,"179.157226970465","0.033966033966034","36.6763792255023"
"habitat",32677.5396888615,8169.38492221537,4,"136.818440153537","0","36.4677755451353"
"Error",901294.658865332,3151.37992610256,286,"3151.37992610256",NA,"72.7800453514739"
"Total",997511.94414223,3404.47762505881,293,"","",""
