"","SSD","MSD","df","sigma2","P.value","Variance coefficients"
"site",21894.9665858022,7298.3221952674,3,"71.4879969889722","0.026973026973027","30.3337007580763"
"habitat",11704.864038526,2926.21600963151,4,"57.0391019311749","0","30.7115282409322"
"Error",283454.123553614,1196.00896014183,237,"1196.00896014183",NA,"60.8571428571429"
"Total",317053.954177942,1299.40145154894,244,"","",""
