"","SSD","MSD","df","sigma2","P.value","Variance coefficients"
"site",65238.8397232866,21746.2799077622,3,"154.667101686083","0.027972027972028","36.6763792255023"
"habitat",42135.4480905232,10533.8620226308,4,"212.176457696778","0","36.4677755451353"
"Error",787071.37006213,2751.99779742003,286,"2751.99779742003",NA,"72.7800453514739"
"Total",894445.65787594,3052.71555589058,293,"","",""
