"","SSD","MSD","df","sigma2","P.value","Variance coefficients"
"site",54821.4682214853,18273.8227404951,3,"183.098582708736","0.023976023976024","30.3337007580763"
"habitat",28330.6504847516,7082.66262118789,4,"127.845423250189","0","30.7115282409322"
"Error",759499.16073941,3204.63780902705,237,"3204.63780902705",NA,"60.8571428571429"
"Total",842651.279445647,3453.48885018708,244,"","",""
