"","SSD","MSD","df","sigma2","P.value","Variance coefficients"
"site",53592.6721642432,17864.2240547477,3,"158.98384927285","0.032967032967033","30.3337007580763"
"habitat",32490.1518784659,8122.53796961647,4,"175.69727181619","0","30.7115282409322"
"Error",661938.512053105,2792.98950233378,237,"2792.98950233378",NA,"60.8571428571429"
"Total",748021.336095814,3065.66121350743,244,"","",""
