"","SSD","MSD","df","sigma2","P.value","Variance coefficients"
"site",12276.477432992,4092.15914433065,3,"45.0515872896824","0.030969030969031","26.3246659078047"
"habitat",6818.68708487344,1704.67177121836,4,"28.1092570803531","0","26.7602585403725"
"Error",198729.223750263,964.704969661472,206,"964.704969661472",NA,"52.7227414330218"
"Total",217824.388268129,1022.64971017901,213,"","",""
