"","SSD","MSD","df","sigma2","P.value","Variance coefficients"
"site",21894.9665858027,7298.32219526756,3,"71.4879969889893","0.021978021978022","30.3337007580763"
"habitat",11704.8640385225,2926.21600963063,4,"57.0391019311461","0","30.7115282409322"
"Error",283454.123553615,1196.00896014183,237,"1196.00896014183",NA,"60.8571428571429"
"Total",317053.95417794,1299.40145154893,244,"","",""
